index,metric,mean,std,min,max
0,absolute_event_distribution,820.1095370098694,26.262685072017966,790.1410879312731,872.242571356405
1,circadian_event_distribution,4.612657381123016,0.05447621572181454,4.521073204492607,4.726363910377935
2,cycle_time_distribution,1720.3983146067417,141.73812289614273,1457.797752808989,1958.567415730337
3,relative_event_distribution,527.095960623423,60.663670856097674,470.3351118749604,664.9932454684174
4,three_gram_distance,0.6426507375195513,0.008568830332206802,0.6284853051996986,0.6572398190045249
5,two_gram_distance,0.4677027623009059,0.009055874031314129,0.45032310177705975,0.48190854870775346
