index,metric,mean,std,min,max
0,absolute_event_distribution,324.2161865333036,118.29481329614971,130.6361927176324,474.68955097344593
1,circadian_event_distribution,6.045918327030794,1.1946431731080003,4.2872036588095765,7.61534615409809
2,cycle_time_distribution,551.0026315789474,203.3145800844479,198.78947368421052,839.1842105263158
3,relative_event_distribution,348.93503834438684,123.94940301363096,150.80741492182003,514.3384942622703
4,three_gram_distance,0.7331606014490047,0.024569551855646403,0.7014084507042253,0.773109243697479
5,two_gram_distance,0.6311174536126678,0.03403740044335398,0.5888888888888889,0.6849112426035503
