index,metric,mean,std,min,max
0,absolute_event_distribution,1157.6740241151085,39.30471445573885,1063.5166110303237,1209.8814795906019
1,circadian_event_distribution,5.274881329017874,1.0936072553705973,3.910643905547674,7.081599121572405
2,cycle_time_distribution,203.42257309941522,90.31941049999025,102.6872514619883,415.2795321637427
3,relative_event_distribution,89.32568853867154,16.894409895811478,58.329594489820174,110.8607613728542
4,three_gram_distance,0.7296500891513003,0.02185934533908359,0.7010915197313182,0.7553907193375884
5,two_gram_distance,0.7021147773411787,0.022983440235895696,0.6730131004366813,0.7318395374051319
