index,metric,mean,std,min,max
0,absolute_event_distribution,1135.3623472577106,72.92044558467781,1051.3814659916357,1257.7571668723308
1,circadian_event_distribution,5.042391115021153,1.2341479249337528,3.334075982931754,6.575121086778539
2,cycle_time_distribution,232.42150877192984,82.4862664725044,90.19029239766083,352.28350877192986
3,relative_event_distribution,99.8467922651086,40.87807143549348,49.94023772837332,162.0954010059994
4,three_gram_distance,0.7256462220642153,0.020383129430760535,0.6904096068432308,0.7568315461777931
5,two_gram_distance,0.6962565793254686,0.026391692522314707,0.6502751031636864,0.739445551730386
