index,metric,mean,std,min,max
0,absolute_event_distribution,61.132123403357056,9.0666261886763,46.5261645151857,79.79553086312998
1,circadian_event_distribution,5.703218177554375,0.3383146494118317,5.01475103824077,6.247859956786207
2,cycle_time_distribution,29.95263157894737,8.38605483325496,19.97368421052631,44.28947368421053
3,relative_event_distribution,31.724256453454654,6.937121770905214,20.0172703346284,41.28532001671783
4,three_gram_distance,0.5981681287565624,0.035168329631321486,0.5236427320490368,0.6578313253012048
5,two_gram_distance,0.5176797263026808,0.0371121672726613,0.4333958724202627,0.572284003421728
