index,metric,mean,std,min,max
0,absolute_event_distribution,5439.104481657648,492.59161558554865,4562.994740160525,6136.276061637038
1,circadian_event_distribution,4.515096922580371,0.03333749975947339,4.441239786054807,4.552588128449309
2,cycle_time_distribution,9697.098591549297,1087.3582324699632,8181.169014084508,11921.802816901405
3,relative_event_distribution,5453.776872819757,470.1449201812866,4670.083483247866,6123.90375785892
4,three_gram_distance,0.9732418947918117,0.003371773922573319,0.9661051281185645,0.9780086618943967
5,two_gram_distance,0.957599436261369,0.004998985347041267,0.9475558872417653,0.9651065937281916
