index,metric,mean,std,min,max
0,absolute_event_distribution,146.38099925601813,91.41528853205452,25.307501104728235,280.0389005971198
1,circadian_event_distribution,2.8204653053779736,0.1880610586342702,2.5865887753560046,3.086929024727958
2,cycle_time_distribution,89.15,5.8182384958061935,76.41379310344828,97.10344827586206
3,relative_event_distribution,83.8796486773689,2.667445882826913,80.52820951879171,88.62040154542724
4,three_gram_distance,0.9282747936280165,0.008249227321652439,0.9143054595715273,0.9393511988716502
5,two_gram_distance,0.8179209241915494,0.011028762997364633,0.8046581517655897,0.8341013824884793
