metric,mean,std,min,max
two_gram_distance,0.4382588711095899,0.03144959488955066,0.3817531421205284,0.4894557360191152
three_gram_distance,0.5790666292351078,0.032976197598301185,0.5333617475224813,0.6387509149848353
absolute_event_distribution,70.72836017427457,3.088172719299733,64.56620817426455,74.83297828353648
relative_event_distribution,64.01067415588976,9.246219318567995,43.22934966363409,75.42196441745934
circadian_event_distribution,5.494062695150601,0.33023928600858055,4.756063366357438,5.936193501042057
cycle_time_distribution,69.75716878402896,9.524167692929177,59.13793103448263,88.36025408348468
