index,metric,mean,std,min,max
0,absolute_event_distribution,3165.0660822817226,6.651381435921827,3154.685501220629,3175.81607832403
1,circadian_event_distribution,1.6856548616434122,0.11496945343638157,1.5076126993706047,1.906389218157187
2,cycle_time_distribution,1589.7345222896286,21.39261722935607,1547.5346957463478,1622.23047731415
3,relative_event_distribution,349.97319507242867,12.839804790974263,324.92861738378593,365.73651273440106
4,three_gram_distance,0.6737019136448025,0.008284575523829118,0.6617278570650398,0.6855989538916368
5,two_gram_distance,0.5251534352900524,0.014157083758116142,0.502787550744249,0.547133489743127
