index,metric,mean,std,min,max
0,absolute_event_distribution,603.254596343975,19.6585358404255,566.5251416250428,628.2259843005558
1,circadian_event_distribution,2.3762897091316937,0.14187967865449577,2.109610129091424,2.6272225172613606
2,cycle_time_distribution,752.1848051814536,21.166470341764878,711.0783386450087,784.865837359926
3,relative_event_distribution,113.9229944187382,9.217115237028603,95.16103492371461,125.27306503458382
4,three_gram_distance,0.6406730726611669,0.025892746464934273,0.6003749832596759,0.6778624315913725
5,two_gram_distance,0.6076980499940974,0.028658367682714528,0.562198649951784,0.6533860169026452
